{
  "id": "78678394272",
  "name": "texas-olympians",
  "pageTitle": "Texans in the 2016 Summer Olympics",
  "shareTitle": "Texas gold: Tracking the 2016 Lone Star State Olympians",
  "shareText": "Which Texas athlete is competing today in the 2016 Summer Olympics? Find out with our 2016 Summer Olympics tracker.",
  "tweetText": "Keep up with all of the Texas olympians with our 2016 Summer Olympics tracker",
  "publishYear": 2016,
  "publishDate": "2016-07-29T10:00:00Z",
  "url": "http://interactives.dallasnews.com/2016/texas-olympians/",
  "authors": "jori epstein",
  "desk": "SportsDay",
  "section": "other-sports",
  "keywords": [
    "interactives",
    "dallas",
    "dallas news",
    "dfw news",
    "dallas newspaper",
    "dallas morning news",
    "dallas morning news newspaper",
    "olympics",
    "summer olympics",
    "texan olympians",
    "simone biles",
    "michelle carter",
    "kevin durant",
    "courtney hurley",
    "kelley hurley",
    "carli loyd",
    "dana vollmer"
  ],
  "imgURL": "http://interactives.dallasnews.com/2016/texas-olympians/images/_share.jpg",
  "imgWidth": "1200",
  "imgHeight": "630",
  "sectionTwitter": "SportsDayDFW",
  "authorTwitter": "JoriEpstein"
}
